产品链接,订单数
http://www.aliexpress.com/item/Ak-Hot-New-White-Light-Teeth-Whitening-Tooth-Gel-Whitener-Health-Oral-Care-Toothpaste-Kit-For/32370771521.html,3866
http://www.aliexpress.com/item/New-Arrival-Smart-Bluetooth-4-0-Tracer-GPS-Tracker-Tag-Alarm-Wallet-Key-Pet-Dog-Locator/32434755583.html,2031
http://www.aliexpress.com/item/Smart-Bluetooth-Tracer-GPS-Locator-Tag-Alarm-Wallet-Key-Pet-Dog-Tracker-Finder-Blue/32454180456.html,2029
http://www.aliexpress.com/item/AK-4pcs-set-Oral-Hygiene-EB-18A-Rotary-B-Electric-Toothbrush-Heads-Replacement-for-Braun-Oral/32375682335.html,1683
http://www.aliexpress.com/item/MIPOW-Bluetooth-Smart-LED-Light-Bulbs-APP-Smart-Group-Controlled-Dimmable-Color-Changing-Decorative-Christmas-Party/32479613217.html,1640
http://www.aliexpress.com/item/2015-Hot-hot-selling-anti-lost-smart-bluetooth-tracker-Child-Bag-Wallet-Key-Finder-GPS-Locator/32495286676.html,1387
http://www.aliexpress.com/item/2015-New-Men-Women-Winter-Outdoor-Sport-Bluetooth-Stereo-Music-Hat-Wireless-Bluetooth-Earphone-Hat-for/32250632257.html,1321
http://www.aliexpress.com/item/hot-selling-anti-lost-smart-bluetooth-tracker-Child-Bag-Wallet-Key-Finder-GPS-Locator-Alarm-4/32435678782.html,933
http://www.aliexpress.com/item/MIPOW-PLAYBULB-Candle-Christmas-Party-Decoration-New-Year-Gift-Smart-Aromatherapy-LED-Decorative-Light-Change-Colors/32250987622.html,579
http://www.aliexpress.com/item/Fashion-6-LED-Light-PIR-Infrared-IR-Wireless-Auto-Sensor-Motion-Detector-Lamp/32436742542.html,524
http://www.aliexpress.com/item/MIPOW-Pack-of-3-PLAYBULB-Smartphone-APP-Controlled-LED-Candle-Smart-Aromatherapy-Candles-Light-Color-Flameless/32495699759.html,523
http://www.aliexpress.com/item/MIPOW-PLAYBULB-Sphere-Smart-Color-Changing-Waterproof-Dimmable-LED-Glass-Orb-Light-Floor-Lamp-Night-Lights/32575444222.html,472
http://www.aliexpress.com/item/1Set-Hot-Worldwide-30W-50W-100W-LED-44mm-Lens-Reflector-Collimator-Fixed-Bracket/32333587423.html,455
http://www.aliexpress.com/item/2015-Hot-hot-selling-anti-lost-smart-bluetooth-tracker-Child-Bag-Wallet-Key-Finder-GPS-Locator/32634270328.html,450
http://www.aliexpress.com/item/1pcs-CO-Carbon-Monoxide-Poisoning-smoke-Gas-Sensor-Warning-Alarm-Detector-Tester-LCD-Hot-Worldwide/32431899583.html,419
http://www.aliexpress.com/item/hot-selling-anti-lost-smart-bluetooth-tracker-Child-Bag-Wallet-Key-Finder-GPS-Locator-Alarm-4/32609391844.html,408
http://www.aliexpress.com/item/Fashion-Xiaomi-Mi-Band-Miband-Silicone-Necklace-Case-Carrier-Replacement-For-Original-Mi-band-Miband-Silicone/32435481727.html,373
http://www.aliexpress.com/item/Beautiful-Gift-100-Brand-New-2016-DC-12V-digital-LED-display-thermostat-Temperature-controller-With-sensor/32571236219.html,372
http://www.aliexpress.com/item/1pc-Hot-Worldwide-4-LED-Motion-Sensor-PIR-Infrared-Detection-Home-Door-Keyhole-Light-Lamp/32323258362.html,294
http://www.aliexpress.com/item/New-Arrival-Fashion-Jakcom-IR-Universal-Mobile-Smart-Remote-Control-For-Air-Conditioner-TV-AC-DVD/32547011095.html,260
http://www.aliexpress.com/item/New-anti-lost-smart-bluetooth-tracker-Child-Bag-Wallet-Key-Finder-GPS-Locator-Alarm-4-Colorsest/32584937811.html,251
http://www.aliexpress.com/item/Original-Yunmai-Mini-Smart-Weight-Scale-Digital-Scale-Body-Fat-Scale-Health-Scale-Support-Android4-3/32483972583.html,235
http://www.aliexpress.com/item/DIY-Wi-Fi-Wireless-Switch-for-Smart-Home-with-ABS-Shell/32546960095.html,231
http://www.aliexpress.com/item/EXCELVAN-Wireless-Weather-Station-With-Forecast-Temperature-Humidity-Indoor-Outdoor-with-remote-sensor-EU/32620417907.html,219
http://www.aliexpress.com/item/anti-lost-alarm-Smart-Tag-Wireless-Bluetooth-Tracker-Child-Bag-Wallet-Key-Finder-GPS-Locator-itag/32615110361.html,212
http://www.aliexpress.com/item/Free-Shipping-Memory-cards-Micro-SD-card-32GB-class-6-Memory-cards-64GB-16GB-8GB-Microsd/32247045493.html,184
http://www.aliexpress.com/item/LED-Torch-Light-whistle-Sound-Voice-Control-Locator-Chain-Keychain-Lost-Key-Finder-new/32617915534.html,184
http://www.aliexpress.com/item/100-Original-Xiaomi-Yeelight-Smart-LED-Light-Bulb-Lamp-Wifi-Contral-8W-for-iOS-Android/32610729169.html,169
http://www.aliexpress.com/item/Micro-Mini-Smart-Finder-Smart-Wireless-Bluetooth-4-0-Tracer-GPS-Locator-Tracking-Tag-Alarm-Wallet/32628765970.html,167
http://www.aliexpress.com/item/TX-5-Mini-GSM-GPRS-Tracker-SMS-Real-Time-Network-vehicle-Motorcycle-monitor-4-bands-GSM/32636741145.html,165
http://www.aliexpress.com/item/hot-selling-anti-lost-smart-bluetooth-tracker-Child-Bag-Wallet-Key-Finder-GPS-Locator-Alarm-4/32585716234.html,158
http://www.aliexpress.com/item/Silicone-Replacement-Case-Wrist-Strap-Pendant-Necklace-Case-Carrier-for-Xiaomi-Smartband-Smart-Bracelet-Mi-Band/32586559839.html,158
http://www.aliexpress.com/item/Room-Thermostat-Weekly-Programmable-Electric-Heating-Film-Temperature-Thermostats-with-Green-LCD-Display-With-Lock-Function/32597812500.html,153
http://www.aliexpress.com/item/Auto-On-Off-Controller-Switch-Car-LED-DRL-Daytime-Running-Light-Bulb-Lamp-Relay-Free-Shipping/32637094995.html,151
http://www.aliexpress.com/item/COLOR-Wireless-Weather-Station-With-Forecast-Temperature-Humidity-Indoor-Outdoor-with-remote-sensor-EU-PRESELL/32622507397.html,148
http://www.aliexpress.com/item/1pc-Remee-Remy-Patch-dreams-of-men-and-women-dream-sleep-eyeshade-Inception-dream-control-lucid/32471597909.html,137
http://www.aliexpress.com/item/100-Original-Xiaomi-Scale-Mi-Smart-Body-Weight-Digital-Scale-Support-Android-4-4-IOS-Bluetooth/32542535136.html,135
http://www.aliexpress.com/item/Eyewear-Sunglasses-Camcorder-Digital-Video-Recorder-Camera-DV-DVR-Recorder-Support-TF-card-For-Driving-Outdoor/32609915583.html,127
http://www.aliexpress.com/item/New-Smart-Tag-Wireless-Bluetooth-Tracker-Child-Bag-Wallet-Key-Finder-GPS-Locator-anti-lost-alarm/32617055699.html,119
http://www.aliexpress.com/item/Easy-Sound-Whistle-Key-Finder-Locator-Key-Find-Look-Search-With-LED-Light-Big-Noise-Black/32634812167.html,117
http://www.aliexpress.com/item/Original-Xiaomi-Yeelight-Smart-LED-Bulb-Wifi-Remote-Control-Adjustable-Brightness-Eyecare-Light-Smart-Bulb-WHITE/32599797962.html,116
http://www.aliexpress.com/item/Easy-Sound-Whistle-Key-Finder-Locator-Key-Find-Look-Search-With-LED-Light-Big-Noise-Black/32634812167.html,116
http://www.aliexpress.com/item/Programmable-Floor-Heating-Thermostat-Digital-Thermostatic-Mixing-Valve-Room-Temperature-Controller-BYC08-H3-16A-White/32508655710.html,111
http://www.aliexpress.com/item/2015-Newest-Original-Xiaomi-Smart-Home-Kit-Switch-Human-Body-Security-Sensor-Door-Window-Sensor/32512721981.html,110
http://www.aliexpress.com/item/Ramdom-color-Waterproof-Step-Movement-Calories-Counter-Multi-Function-LCD-Digital-Pedometer/32576193379.html,108
http://www.aliexpress.com/item/New-1-Wireless-Remote-Control-Power-Outlet-Light-Switch-Socket-1-Remote-EU-Plug-Wholesale/32607735501.html,107
http://www.aliexpress.com/item/MIPOW-PLAYBULB-Waterproof-LED-Solar-Garden-Color-Smart-Light-Yard-Lawn-Outdoor-Decor-Lamp-Free-APP/32594436274.html,105
http://www.aliexpress.com/item/Professional-Smart-Home-Automation-Switch-Intelligent-interruptor-WiFi-Remote-Center-for-Smartphone/1000001476841.html,103
http://www.aliexpress.com/item/DC12V-Temperature-Control-Switch-with-Digital-Heat-Cool-Temp-Thermostat-Y65/32620021414.html,95
http://www.aliexpress.com/item/Original-Xiaomi-Smart-Socket-Plug-Bacic-WiFi-Wireless-Remote-EU-US-AU-Socket-Adaptor-Power-on/32635538454.html,93
http://www.aliexpress.com/item/1pcs-Infrared-technology-based-Infrared-Module-Body-Sensor-Intelligent-Light-save-energy-Motion-Sensing-Switch-Wholesale/32236237986.html,92
http://www.aliexpress.com/item/In-Stock-Original-Xiaomi-Mi-Smart-Temperature-and-Humidity-Sensor-Put-the-baby-Home-office-Work/32654417773.html,91
http://www.aliexpress.com/item/AC-Power-Energy-Saving-IR-Infrared-Wireless-Remote-Control-Outlet-Switch-Socket/32565475583.html,89
http://www.aliexpress.com/item/White-Smart-Finder-Key-Locator-Anti-Lost-Keys-Chain-Keychain-Whistle-Sound-Control-with-LED-Light/32607807123.html,89
http://www.aliexpress.com/item/2016-AC-DC-220V-10A-Auto-On-Off-Photocell-Street-Light-Photoswitch-Sensor-Switch-Automatic-Ourdoor/32592044671.html,88
http://www.aliexpress.com/item/1pcs-Smart-iTag-Anti-lost-Wireless-Bluetooth-4-0-Tracker-Child-Bag-Wallet-Key-Finder-Child/32614035196.html,87
http://www.aliexpress.com/item/LED-Torch-Light-whistle-Sound-Voice-Control-Locator-Chain-Keychain-Lost-Key-Finder-new/32617947856.html,87
http://www.aliexpress.com/item/Fashion-6-LED-Light-PIR-Sensor-LED-Infrared-Light-Lamp-Motion-Detector-LED-Bulbs-Tubes/32575845873.html,86
http://www.aliexpress.com/item/Details-about-Ultra-Bright-5-LED-Clip-On-Cap-Light-Hard-Hat-Outdoor-Fishing-Camping/32649373529.html,85
http://www.aliexpress.com/item/Professional-Smart-Home-Automation-Switch-Intelligent-interruptor-WiFi-Remote-Center-for-Smartphone-800840/32615576753.html,82
http://www.aliexpress.com/item/EU-US-UK-AU-Smart-Power-Socket-Remote-Wifi-Plug-Timer-Switch-for-Iphone-Xiaomi-Ios/32627481439.html,78
http://www.aliexpress.com/item/100-Original-Xiaomi-Scale-Mi-Smart-Weighing-Scale-Support-Android-4-4-iOS7-0-Bluetooth4-0/32598759864.html,76
http://www.aliexpress.com/item/2015-NEW-Mini-USB-Power-LED-Light-Pocket-Card-Lamp-Portable-Night-Camp-YKS/32617715984.html,75
http://www.aliexpress.com/item/Free-Shipping-Key-Finder-Locator-Keychain-Key-Chain-Locater-Mini-B-Key-Tracker-Finder-Key-Lost/32582891290.html,74
http://www.aliexpress.com/item/2016-New-Necklace-Carrier-Pendant-Case-For-Xiaomi-Mi-Band-1s-Miband-Pulse-Heart-Rate-Monitor/32621702815.html,67
http://www.aliexpress.com/item/Multi-angle-Wide-range-Anti-Spy-Signal-RF-Detector-Camera-Laser-Lens-GSM-New-Device-Finder/32645303833.html,65
http://www.aliexpress.com/item/Fashion-Bluetooth-4-0-Tracer-GPS-Locator-Tag-Alarm-Wallet-Key-Pet-Dog-Tracker-Hot-New/32413908637.html,61
http://www.aliexpress.com/item/High-Quality-New-anti-lost-smart-bluetooth-tracker-Child-Bag-Wallet-Key-Finder-GPS-Locator-Alarm/32637640540.html,59
http://www.aliexpress.com/item/Micro-Mini-Smart-Finder-Smart-Wireless-Bluetooth-4-0-Tracer-GPS-Locator-Tracking-Tag-Alarm-Wallet/32650848208.html,59
http://www.aliexpress.com/item/DIY-Smart-Wi-Fi-Wireless-Switch-with-433mHz-Receiver/32598321649.html,54
http://www.aliexpress.com/item/Original-Sunglasses-Wireless-Bluetooth-Headphones-Smart-Glasses-Polarized-Eyewear-Headset-For-Android-IOS-Smart-Electronics/32567737574.html,52
http://www.aliexpress.com/item/New-iTag-Wireless-Smart-Bluetooth-4-0-Anti-lost-alarm-bluetooth-Tracker-key-finder-for-Child/32651906194.html,52
http://www.aliexpress.com/item/16A-Warm-Floor-Heating-Thermostat-Underfloor-Temperature-Controller-Thermometer-Weekly-Programmable-LCD-Display-Free-Shipping/32632200681.html,52
http://www.aliexpress.com/item/Original-Sunglasses-Wireless-Bluetooth-Headphones-Smart-Glasses-Polarized-Eyewear-Headset-For-Android-IOS-Smart-Electronics/32567737574.html,51
http://www.aliexpress.com/item/Silicone-Replacement-Case-Wrist-Strap-Pendant-Necklace-Case-Carrier-for-Xiaomi-Smartband-Smart-Bracelet-Mi-Band/32662093537.html,50
http://www.aliexpress.com/item/2016-New-3-Style-Port-ON-OFF-220V-Lamp-Light-Digital-Wireless-Wall-Remote-Control-Switch/32658518453.html,49
http://www.aliexpress.com/item/FW1S-2016-Portable-Details-About-Black-Charging-Dock-Charger-Cradle-For-Samsung-Galaxy-Gear-S-Free/32667379154.html,49
http://www.aliexpress.com/item/High-quality-Sawing-scholls-Electric-Manicuring-Nail-Care-Device-Polishing-Nursing-Manicure-nail-file-tool/32670098717.html,45
http://www.aliexpress.com/item/Hot-selling-New-Arrival-Mini-SPY-Vehicle-GSM-GPRS-GPS-Tracker-Car-Vehicle-Tracking-Locator-Device/32444755451.html,40
http://www.aliexpress.com/item/2015-Hot-Smart-Tag-Wireless-Bluetooth-Tracker-Child-Bag-Wallet-Key-Finder-GPS-Locator-4-Colors/32606408543.html,39
http://www.aliexpress.com/item/Ta-Smart-Tag-Bluetooth-Tracker-Child-Bag-Wallet-Key-Finder-GPS-Locator-Alarm-Pet-Dog-Tracker/32555257795.html,38
http://www.aliexpress.com/item/Wireless-Smart-Tag-iTag-Smart-Bluetooth-Tracer-GPS-Locator-Tag-Alarm-Wallet-Key-Pet-Dog-Tracker/32664971448.html,38
http://www.aliexpress.com/item/Free-Shipping-DC-12V-24V-Body-Infrared-PIR-Motion-Sensor-Switch-For-LED-Light-Strip-Automatic/32566018859.html,35
http://www.aliexpress.com/item/XiaoMi-Colorful-APP-WIFI-Remote-Control-Smart-LED-Light-RGB-Colorful-temperature-Romantic-lamp-Yeelight-XiaoMi/32662520832.html,34
http://www.aliexpress.com/item/Hot-Mini-Smart-Finder-Bluetooth-Tag-GPS-Tracker-Key-Wallet-Kids-Pet-Dog-Cat-Child-Bag/32666601808.html,34
http://www.aliexpress.com/item/Allone-wiwoR1-WiFi-Mobile-Phone-IOS-Android-Wireless-Smart-Remote-Control-Switch-Indoor-Home-Automation-Intelligent/32303625505.html,28
http://www.aliexpress.com/item/Smart-Finder-Bluetooth-Tracker-Child-Pet-DogTracer-GPS-Locator-Tag-Alarm-Wallet-Key-For-iPhone-4/32604514047.html,28
http://www.aliexpress.com/item/2016-Hot-1pcs-Smart-Bluetooth-4-0-Tracer-GPS-Locator-Tag-Alarm-Wallet-Key-Pet-Dog/32663190634.html,28
http://www.aliexpress.com/item/Electric-Exfoliator-Pedicure-Callus-Remover-Feet-Care-File-Exfoiliator-Heel-Dead-Skin-Cuticle-Pusher-Equal/32672483116.html,24
